scenario_id,mode,ep_size,expert_id,rank_id,assignments,share
uniform_ep32,uniform,32,0,0,512,0.00390625
uniform_ep32,uniform,32,1,0,512,0.00390625
uniform_ep32,uniform,32,2,0,512,0.00390625
uniform_ep32,uniform,32,3,0,512,0.00390625
uniform_ep32,uniform,32,4,0,512,0.00390625
uniform_ep32,uniform,32,5,0,512,0.00390625
uniform_ep32,uniform,32,6,0,512,0.00390625
uniform_ep32,uniform,32,7,0,512,0.00390625
uniform_ep32,uniform,32,8,1,512,0.00390625
uniform_ep32,uniform,32,9,1,512,0.00390625
uniform_ep32,uniform,32,10,1,512,0.00390625
uniform_ep32,uniform,32,11,1,512,0.00390625
uniform_ep32,uniform,32,12,1,512,0.00390625
uniform_ep32,uniform,32,13,1,512,0.00390625
uniform_ep32,uniform,32,14,1,512,0.00390625
uniform_ep32,uniform,32,15,1,512,0.00390625
uniform_ep32,uniform,32,16,2,512,0.00390625
uniform_ep32,uniform,32,17,2,512,0.00390625
uniform_ep32,uniform,32,18,2,512,0.00390625
uniform_ep32,uniform,32,19,2,512,0.00390625
uniform_ep32,uniform,32,20,2,512,0.00390625
uniform_ep32,uniform,32,21,2,512,0.00390625
uniform_ep32,uniform,32,22,2,512,0.00390625
uniform_ep32,uniform,32,23,2,512,0.00390625
uniform_ep32,uniform,32,24,3,512,0.00390625
uniform_ep32,uniform,32,25,3,512,0.00390625
uniform_ep32,uniform,32,26,3,512,0.00390625
uniform_ep32,uniform,32,27,3,512,0.00390625
uniform_ep32,uniform,32,28,3,512,0.00390625
uniform_ep32,uniform,32,29,3,512,0.00390625
uniform_ep32,uniform,32,30,3,512,0.00390625
uniform_ep32,uniform,32,31,3,512,0.00390625
uniform_ep32,uniform,32,32,4,512,0.00390625
uniform_ep32,uniform,32,33,4,512,0.00390625
uniform_ep32,uniform,32,34,4,512,0.00390625
uniform_ep32,uniform,32,35,4,512,0.00390625
uniform_ep32,uniform,32,36,4,512,0.00390625
uniform_ep32,uniform,32,37,4,512,0.00390625
uniform_ep32,uniform,32,38,4,512,0.00390625
uniform_ep32,uniform,32,39,4,512,0.00390625
uniform_ep32,uniform,32,40,5,512,0.00390625
uniform_ep32,uniform,32,41,5,512,0.00390625
uniform_ep32,uniform,32,42,5,512,0.00390625
uniform_ep32,uniform,32,43,5,512,0.00390625
uniform_ep32,uniform,32,44,5,512,0.00390625
uniform_ep32,uniform,32,45,5,512,0.00390625
uniform_ep32,uniform,32,46,5,512,0.00390625
uniform_ep32,uniform,32,47,5,512,0.00390625
uniform_ep32,uniform,32,48,6,512,0.00390625
uniform_ep32,uniform,32,49,6,512,0.00390625
uniform_ep32,uniform,32,50,6,512,0.00390625
uniform_ep32,uniform,32,51,6,512,0.00390625
uniform_ep32,uniform,32,52,6,512,0.00390625
uniform_ep32,uniform,32,53,6,512,0.00390625
uniform_ep32,uniform,32,54,6,512,0.00390625
uniform_ep32,uniform,32,55,6,512,0.00390625
uniform_ep32,uniform,32,56,7,512,0.00390625
uniform_ep32,uniform,32,57,7,512,0.00390625
uniform_ep32,uniform,32,58,7,512,0.00390625
uniform_ep32,uniform,32,59,7,512,0.00390625
uniform_ep32,uniform,32,60,7,512,0.00390625
uniform_ep32,uniform,32,61,7,512,0.00390625
uniform_ep32,uniform,32,62,7,512,0.00390625
uniform_ep32,uniform,32,63,7,512,0.00390625
uniform_ep32,uniform,32,64,8,512,0.00390625
uniform_ep32,uniform,32,65,8,512,0.00390625
uniform_ep32,uniform,32,66,8,512,0.00390625
uniform_ep32,uniform,32,67,8,512,0.00390625
uniform_ep32,uniform,32,68,8,512,0.00390625
uniform_ep32,uniform,32,69,8,512,0.00390625
uniform_ep32,uniform,32,70,8,512,0.00390625
uniform_ep32,uniform,32,71,8,512,0.00390625
uniform_ep32,uniform,32,72,9,512,0.00390625
uniform_ep32,uniform,32,73,9,512,0.00390625
uniform_ep32,uniform,32,74,9,512,0.00390625
uniform_ep32,uniform,32,75,9,512,0.00390625
uniform_ep32,uniform,32,76,9,512,0.00390625
uniform_ep32,uniform,32,77,9,512,0.00390625
uniform_ep32,uniform,32,78,9,512,0.00390625
uniform_ep32,uniform,32,79,9,512,0.00390625
uniform_ep32,uniform,32,80,10,512,0.00390625
uniform_ep32,uniform,32,81,10,512,0.00390625
uniform_ep32,uniform,32,82,10,512,0.00390625
uniform_ep32,uniform,32,83,10,512,0.00390625
uniform_ep32,uniform,32,84,10,512,0.00390625
uniform_ep32,uniform,32,85,10,512,0.00390625
uniform_ep32,uniform,32,86,10,512,0.00390625
uniform_ep32,uniform,32,87,10,512,0.00390625
uniform_ep32,uniform,32,88,11,512,0.00390625
uniform_ep32,uniform,32,89,11,512,0.00390625
uniform_ep32,uniform,32,90,11,512,0.00390625
uniform_ep32,uniform,32,91,11,512,0.00390625
uniform_ep32,uniform,32,92,11,512,0.00390625
uniform_ep32,uniform,32,93,11,512,0.00390625
uniform_ep32,uniform,32,94,11,512,0.00390625
uniform_ep32,uniform,32,95,11,512,0.00390625
uniform_ep32,uniform,32,96,12,512,0.00390625
uniform_ep32,uniform,32,97,12,512,0.00390625
uniform_ep32,uniform,32,98,12,512,0.00390625
uniform_ep32,uniform,32,99,12,512,0.00390625
uniform_ep32,uniform,32,100,12,512,0.00390625
uniform_ep32,uniform,32,101,12,512,0.00390625
uniform_ep32,uniform,32,102,12,512,0.00390625
uniform_ep32,uniform,32,103,12,512,0.00390625
uniform_ep32,uniform,32,104,13,512,0.00390625
uniform_ep32,uniform,32,105,13,512,0.00390625
uniform_ep32,uniform,32,106,13,512,0.00390625
uniform_ep32,uniform,32,107,13,512,0.00390625
uniform_ep32,uniform,32,108,13,512,0.00390625
uniform_ep32,uniform,32,109,13,512,0.00390625
uniform_ep32,uniform,32,110,13,512,0.00390625
uniform_ep32,uniform,32,111,13,512,0.00390625
uniform_ep32,uniform,32,112,14,512,0.00390625
uniform_ep32,uniform,32,113,14,512,0.00390625
uniform_ep32,uniform,32,114,14,512,0.00390625
uniform_ep32,uniform,32,115,14,512,0.00390625
uniform_ep32,uniform,32,116,14,512,0.00390625
uniform_ep32,uniform,32,117,14,512,0.00390625
uniform_ep32,uniform,32,118,14,512,0.00390625
uniform_ep32,uniform,32,119,14,512,0.00390625
uniform_ep32,uniform,32,120,15,512,0.00390625
uniform_ep32,uniform,32,121,15,512,0.00390625
uniform_ep32,uniform,32,122,15,512,0.00390625
uniform_ep32,uniform,32,123,15,512,0.00390625
uniform_ep32,uniform,32,124,15,512,0.00390625
uniform_ep32,uniform,32,125,15,512,0.00390625
uniform_ep32,uniform,32,126,15,512,0.00390625
uniform_ep32,uniform,32,127,15,512,0.00390625
uniform_ep32,uniform,32,128,16,512,0.00390625
uniform_ep32,uniform,32,129,16,512,0.00390625
uniform_ep32,uniform,32,130,16,512,0.00390625
uniform_ep32,uniform,32,131,16,512,0.00390625
uniform_ep32,uniform,32,132,16,512,0.00390625
uniform_ep32,uniform,32,133,16,512,0.00390625
uniform_ep32,uniform,32,134,16,512,0.00390625
uniform_ep32,uniform,32,135,16,512,0.00390625
uniform_ep32,uniform,32,136,17,512,0.00390625
uniform_ep32,uniform,32,137,17,512,0.00390625
uniform_ep32,uniform,32,138,17,512,0.00390625
uniform_ep32,uniform,32,139,17,512,0.00390625
uniform_ep32,uniform,32,140,17,512,0.00390625
uniform_ep32,uniform,32,141,17,512,0.00390625
uniform_ep32,uniform,32,142,17,512,0.00390625
uniform_ep32,uniform,32,143,17,512,0.00390625
uniform_ep32,uniform,32,144,18,512,0.00390625
uniform_ep32,uniform,32,145,18,512,0.00390625
uniform_ep32,uniform,32,146,18,512,0.00390625
uniform_ep32,uniform,32,147,18,512,0.00390625
uniform_ep32,uniform,32,148,18,512,0.00390625
uniform_ep32,uniform,32,149,18,512,0.00390625
uniform_ep32,uniform,32,150,18,512,0.00390625
uniform_ep32,uniform,32,151,18,512,0.00390625
uniform_ep32,uniform,32,152,19,512,0.00390625
uniform_ep32,uniform,32,153,19,512,0.00390625
uniform_ep32,uniform,32,154,19,512,0.00390625
uniform_ep32,uniform,32,155,19,512,0.00390625
uniform_ep32,uniform,32,156,19,512,0.00390625
uniform_ep32,uniform,32,157,19,512,0.00390625
uniform_ep32,uniform,32,158,19,512,0.00390625
uniform_ep32,uniform,32,159,19,512,0.00390625
uniform_ep32,uniform,32,160,20,512,0.00390625
uniform_ep32,uniform,32,161,20,512,0.00390625
uniform_ep32,uniform,32,162,20,512,0.00390625
uniform_ep32,uniform,32,163,20,512,0.00390625
uniform_ep32,uniform,32,164,20,512,0.00390625
uniform_ep32,uniform,32,165,20,512,0.00390625
uniform_ep32,uniform,32,166,20,512,0.00390625
uniform_ep32,uniform,32,167,20,512,0.00390625
uniform_ep32,uniform,32,168,21,512,0.00390625
uniform_ep32,uniform,32,169,21,512,0.00390625
uniform_ep32,uniform,32,170,21,512,0.00390625
uniform_ep32,uniform,32,171,21,512,0.00390625
uniform_ep32,uniform,32,172,21,512,0.00390625
uniform_ep32,uniform,32,173,21,512,0.00390625
uniform_ep32,uniform,32,174,21,512,0.00390625
uniform_ep32,uniform,32,175,21,512,0.00390625
uniform_ep32,uniform,32,176,22,512,0.00390625
uniform_ep32,uniform,32,177,22,512,0.00390625
uniform_ep32,uniform,32,178,22,512,0.00390625
uniform_ep32,uniform,32,179,22,512,0.00390625
uniform_ep32,uniform,32,180,22,512,0.00390625
uniform_ep32,uniform,32,181,22,512,0.00390625
uniform_ep32,uniform,32,182,22,512,0.00390625
uniform_ep32,uniform,32,183,22,512,0.00390625
uniform_ep32,uniform,32,184,23,512,0.00390625
uniform_ep32,uniform,32,185,23,512,0.00390625
uniform_ep32,uniform,32,186,23,512,0.00390625
uniform_ep32,uniform,32,187,23,512,0.00390625
uniform_ep32,uniform,32,188,23,512,0.00390625
uniform_ep32,uniform,32,189,23,512,0.00390625
uniform_ep32,uniform,32,190,23,512,0.00390625
uniform_ep32,uniform,32,191,23,512,0.00390625
uniform_ep32,uniform,32,192,24,512,0.00390625
uniform_ep32,uniform,32,193,24,512,0.00390625
uniform_ep32,uniform,32,194,24,512,0.00390625
uniform_ep32,uniform,32,195,24,512,0.00390625
uniform_ep32,uniform,32,196,24,512,0.00390625
uniform_ep32,uniform,32,197,24,512,0.00390625
uniform_ep32,uniform,32,198,24,512,0.00390625
uniform_ep32,uniform,32,199,24,512,0.00390625
uniform_ep32,uniform,32,200,25,512,0.00390625
uniform_ep32,uniform,32,201,25,512,0.00390625
uniform_ep32,uniform,32,202,25,512,0.00390625
uniform_ep32,uniform,32,203,25,512,0.00390625
uniform_ep32,uniform,32,204,25,512,0.00390625
uniform_ep32,uniform,32,205,25,512,0.00390625
uniform_ep32,uniform,32,206,25,512,0.00390625
uniform_ep32,uniform,32,207,25,512,0.00390625
uniform_ep32,uniform,32,208,26,512,0.00390625
uniform_ep32,uniform,32,209,26,512,0.00390625
uniform_ep32,uniform,32,210,26,512,0.00390625
uniform_ep32,uniform,32,211,26,512,0.00390625
uniform_ep32,uniform,32,212,26,512,0.00390625
uniform_ep32,uniform,32,213,26,512,0.00390625
uniform_ep32,uniform,32,214,26,512,0.00390625
uniform_ep32,uniform,32,215,26,512,0.00390625
uniform_ep32,uniform,32,216,27,512,0.00390625
uniform_ep32,uniform,32,217,27,512,0.00390625
uniform_ep32,uniform,32,218,27,512,0.00390625
uniform_ep32,uniform,32,219,27,512,0.00390625
uniform_ep32,uniform,32,220,27,512,0.00390625
uniform_ep32,uniform,32,221,27,512,0.00390625
uniform_ep32,uniform,32,222,27,512,0.00390625
uniform_ep32,uniform,32,223,27,512,0.00390625
uniform_ep32,uniform,32,224,28,512,0.00390625
uniform_ep32,uniform,32,225,28,512,0.00390625
uniform_ep32,uniform,32,226,28,512,0.00390625
uniform_ep32,uniform,32,227,28,512,0.00390625
uniform_ep32,uniform,32,228,28,512,0.00390625
uniform_ep32,uniform,32,229,28,512,0.00390625
uniform_ep32,uniform,32,230,28,512,0.00390625
uniform_ep32,uniform,32,231,28,512,0.00390625
uniform_ep32,uniform,32,232,29,512,0.00390625
uniform_ep32,uniform,32,233,29,512,0.00390625
uniform_ep32,uniform,32,234,29,512,0.00390625
uniform_ep32,uniform,32,235,29,512,0.00390625
uniform_ep32,uniform,32,236,29,512,0.00390625
uniform_ep32,uniform,32,237,29,512,0.00390625
uniform_ep32,uniform,32,238,29,512,0.00390625
uniform_ep32,uniform,32,239,29,512,0.00390625
uniform_ep32,uniform,32,240,30,512,0.00390625
uniform_ep32,uniform,32,241,30,512,0.00390625
uniform_ep32,uniform,32,242,30,512,0.00390625
uniform_ep32,uniform,32,243,30,512,0.00390625
uniform_ep32,uniform,32,244,30,512,0.00390625
uniform_ep32,uniform,32,245,30,512,0.00390625
uniform_ep32,uniform,32,246,30,512,0.00390625
uniform_ep32,uniform,32,247,30,512,0.00390625
uniform_ep32,uniform,32,248,31,512,0.00390625
uniform_ep32,uniform,32,249,31,512,0.00390625
uniform_ep32,uniform,32,250,31,512,0.00390625
uniform_ep32,uniform,32,251,31,512,0.00390625
uniform_ep32,uniform,32,252,31,512,0.00390625
uniform_ep32,uniform,32,253,31,512,0.00390625
uniform_ep32,uniform,32,254,31,512,0.00390625
uniform_ep32,uniform,32,255,31,512,0.00390625
hotspot_ep32,hotspot,32,0,0,2521,0.019233704
hotspot_ep32,hotspot,32,1,0,2521,0.019233704
hotspot_ep32,hotspot,32,2,0,2520,0.019226074
hotspot_ep32,hotspot,32,3,0,2520,0.019226074
hotspot_ep32,hotspot,32,4,0,2520,0.019226074
hotspot_ep32,hotspot,32,5,0,2520,0.019226074
hotspot_ep32,hotspot,32,6,0,2520,0.019226074
hotspot_ep32,hotspot,32,7,0,2520,0.019226074
hotspot_ep32,hotspot,32,8,1,2520,0.019226074
hotspot_ep32,hotspot,32,9,1,2520,0.019226074
hotspot_ep32,hotspot,32,10,1,2520,0.019226074
hotspot_ep32,hotspot,32,11,1,2520,0.019226074
hotspot_ep32,hotspot,32,12,1,2520,0.019226074
hotspot_ep32,hotspot,32,13,1,2520,0.019226074
hotspot_ep32,hotspot,32,14,1,2520,0.019226074
hotspot_ep32,hotspot,32,15,1,2520,0.019226074
hotspot_ep32,hotspot,32,16,2,2520,0.019226074
hotspot_ep32,hotspot,32,17,2,2520,0.019226074
hotspot_ep32,hotspot,32,18,2,2520,0.019226074
hotspot_ep32,hotspot,32,19,2,2520,0.019226074
hotspot_ep32,hotspot,32,20,2,2520,0.019226074
hotspot_ep32,hotspot,32,21,2,2520,0.019226074
hotspot_ep32,hotspot,32,22,2,2520,0.019226074
hotspot_ep32,hotspot,32,23,2,2520,0.019226074
hotspot_ep32,hotspot,32,24,3,2520,0.019226074
hotspot_ep32,hotspot,32,25,3,2520,0.019226074
hotspot_ep32,hotspot,32,26,3,285,0.002174377
hotspot_ep32,hotspot,32,27,3,285,0.002174377
hotspot_ep32,hotspot,32,28,3,285,0.002174377
hotspot_ep32,hotspot,32,29,3,285,0.002174377
hotspot_ep32,hotspot,32,30,3,285,0.002174377
hotspot_ep32,hotspot,32,31,3,285,0.002174377
hotspot_ep32,hotspot,32,32,4,285,0.002174377
hotspot_ep32,hotspot,32,33,4,285,0.002174377
hotspot_ep32,hotspot,32,34,4,285,0.002174377
hotspot_ep32,hotspot,32,35,4,285,0.002174377
hotspot_ep32,hotspot,32,36,4,285,0.002174377
hotspot_ep32,hotspot,32,37,4,285,0.002174377
hotspot_ep32,hotspot,32,38,4,285,0.002174377
hotspot_ep32,hotspot,32,39,4,285,0.002174377
hotspot_ep32,hotspot,32,40,5,285,0.002174377
hotspot_ep32,hotspot,32,41,5,285,0.002174377
hotspot_ep32,hotspot,32,42,5,285,0.002174377
hotspot_ep32,hotspot,32,43,5,285,0.002174377
hotspot_ep32,hotspot,32,44,5,285,0.002174377
hotspot_ep32,hotspot,32,45,5,285,0.002174377
hotspot_ep32,hotspot,32,46,5,285,0.002174377
hotspot_ep32,hotspot,32,47,5,285,0.002174377
hotspot_ep32,hotspot,32,48,6,285,0.002174377
hotspot_ep32,hotspot,32,49,6,285,0.002174377
hotspot_ep32,hotspot,32,50,6,285,0.002174377
hotspot_ep32,hotspot,32,51,6,285,0.002174377
hotspot_ep32,hotspot,32,52,6,285,0.002174377
hotspot_ep32,hotspot,32,53,6,285,0.002174377
hotspot_ep32,hotspot,32,54,6,285,0.002174377
hotspot_ep32,hotspot,32,55,6,285,0.002174377
hotspot_ep32,hotspot,32,56,7,285,0.002174377
hotspot_ep32,hotspot,32,57,7,285,0.002174377
hotspot_ep32,hotspot,32,58,7,285,0.002174377
hotspot_ep32,hotspot,32,59,7,285,0.002174377
hotspot_ep32,hotspot,32,60,7,285,0.002174377
hotspot_ep32,hotspot,32,61,7,285,0.002174377
hotspot_ep32,hotspot,32,62,7,285,0.002174377
hotspot_ep32,hotspot,32,63,7,285,0.002174377
hotspot_ep32,hotspot,32,64,8,285,0.002174377
hotspot_ep32,hotspot,32,65,8,285,0.002174377
hotspot_ep32,hotspot,32,66,8,285,0.002174377
hotspot_ep32,hotspot,32,67,8,285,0.002174377
hotspot_ep32,hotspot,32,68,8,285,0.002174377
hotspot_ep32,hotspot,32,69,8,285,0.002174377
hotspot_ep32,hotspot,32,70,8,285,0.002174377
hotspot_ep32,hotspot,32,71,8,285,0.002174377
hotspot_ep32,hotspot,32,72,9,285,0.002174377
hotspot_ep32,hotspot,32,73,9,285,0.002174377
hotspot_ep32,hotspot,32,74,9,285,0.002174377
hotspot_ep32,hotspot,32,75,9,285,0.002174377
hotspot_ep32,hotspot,32,76,9,285,0.002174377
hotspot_ep32,hotspot,32,77,9,285,0.002174377
hotspot_ep32,hotspot,32,78,9,285,0.002174377
hotspot_ep32,hotspot,32,79,9,285,0.002174377
hotspot_ep32,hotspot,32,80,10,285,0.002174377
hotspot_ep32,hotspot,32,81,10,285,0.002174377
hotspot_ep32,hotspot,32,82,10,285,0.002174377
hotspot_ep32,hotspot,32,83,10,285,0.002174377
hotspot_ep32,hotspot,32,84,10,285,0.002174377
hotspot_ep32,hotspot,32,85,10,285,0.002174377
hotspot_ep32,hotspot,32,86,10,285,0.002174377
hotspot_ep32,hotspot,32,87,10,285,0.002174377
hotspot_ep32,hotspot,32,88,11,285,0.002174377
hotspot_ep32,hotspot,32,89,11,285,0.002174377
hotspot_ep32,hotspot,32,90,11,285,0.002174377
hotspot_ep32,hotspot,32,91,11,285,0.002174377
hotspot_ep32,hotspot,32,92,11,285,0.002174377
hotspot_ep32,hotspot,32,93,11,285,0.002174377
hotspot_ep32,hotspot,32,94,11,285,0.002174377
hotspot_ep32,hotspot,32,95,11,285,0.002174377
hotspot_ep32,hotspot,32,96,12,285,0.002174377
hotspot_ep32,hotspot,32,97,12,285,0.002174377
hotspot_ep32,hotspot,32,98,12,285,0.002174377
hotspot_ep32,hotspot,32,99,12,285,0.002174377
hotspot_ep32,hotspot,32,100,12,285,0.002174377
hotspot_ep32,hotspot,32,101,12,285,0.002174377
hotspot_ep32,hotspot,32,102,12,285,0.002174377
hotspot_ep32,hotspot,32,103,12,285,0.002174377
hotspot_ep32,hotspot,32,104,13,285,0.002174377
hotspot_ep32,hotspot,32,105,13,285,0.002174377
hotspot_ep32,hotspot,32,106,13,285,0.002174377
hotspot_ep32,hotspot,32,107,13,285,0.002174377
hotspot_ep32,hotspot,32,108,13,285,0.002174377
hotspot_ep32,hotspot,32,109,13,285,0.002174377
hotspot_ep32,hotspot,32,110,13,285,0.002174377
hotspot_ep32,hotspot,32,111,13,285,0.002174377
hotspot_ep32,hotspot,32,112,14,285,0.002174377
hotspot_ep32,hotspot,32,113,14,285,0.002174377
hotspot_ep32,hotspot,32,114,14,285,0.002174377
hotspot_ep32,hotspot,32,115,14,285,0.002174377
hotspot_ep32,hotspot,32,116,14,285,0.002174377
hotspot_ep32,hotspot,32,117,14,285,0.002174377
hotspot_ep32,hotspot,32,118,14,285,0.002174377
hotspot_ep32,hotspot,32,119,14,285,0.002174377
hotspot_ep32,hotspot,32,120,15,285,0.002174377
hotspot_ep32,hotspot,32,121,15,285,0.002174377
hotspot_ep32,hotspot,32,122,15,285,0.002174377
hotspot_ep32,hotspot,32,123,15,285,0.002174377
hotspot_ep32,hotspot,32,124,15,285,0.002174377
hotspot_ep32,hotspot,32,125,15,285,0.002174377
hotspot_ep32,hotspot,32,126,15,285,0.002174377
hotspot_ep32,hotspot,32,127,15,285,0.002174377
hotspot_ep32,hotspot,32,128,16,285,0.002174377
hotspot_ep32,hotspot,32,129,16,285,0.002174377
hotspot_ep32,hotspot,32,130,16,285,0.002174377
hotspot_ep32,hotspot,32,131,16,285,0.002174377
hotspot_ep32,hotspot,32,132,16,285,0.002174377
hotspot_ep32,hotspot,32,133,16,285,0.002174377
hotspot_ep32,hotspot,32,134,16,285,0.002174377
hotspot_ep32,hotspot,32,135,16,285,0.002174377
hotspot_ep32,hotspot,32,136,17,285,0.002174377
hotspot_ep32,hotspot,32,137,17,285,0.002174377
hotspot_ep32,hotspot,32,138,17,285,0.002174377
hotspot_ep32,hotspot,32,139,17,285,0.002174377
hotspot_ep32,hotspot,32,140,17,285,0.002174377
hotspot_ep32,hotspot,32,141,17,285,0.002174377
hotspot_ep32,hotspot,32,142,17,285,0.002174377
hotspot_ep32,hotspot,32,143,17,285,0.002174377
hotspot_ep32,hotspot,32,144,18,285,0.002174377
hotspot_ep32,hotspot,32,145,18,285,0.002174377
hotspot_ep32,hotspot,32,146,18,285,0.002174377
hotspot_ep32,hotspot,32,147,18,285,0.002174377
hotspot_ep32,hotspot,32,148,18,285,0.002174377
hotspot_ep32,hotspot,32,149,18,285,0.002174377
hotspot_ep32,hotspot,32,150,18,285,0.002174377
hotspot_ep32,hotspot,32,151,18,285,0.002174377
hotspot_ep32,hotspot,32,152,19,285,0.002174377
hotspot_ep32,hotspot,32,153,19,285,0.002174377
hotspot_ep32,hotspot,32,154,19,285,0.002174377
hotspot_ep32,hotspot,32,155,19,285,0.002174377
hotspot_ep32,hotspot,32,156,19,285,0.002174377
hotspot_ep32,hotspot,32,157,19,285,0.002174377
hotspot_ep32,hotspot,32,158,19,285,0.002174377
hotspot_ep32,hotspot,32,159,19,285,0.002174377
hotspot_ep32,hotspot,32,160,20,285,0.002174377
hotspot_ep32,hotspot,32,161,20,285,0.002174377
hotspot_ep32,hotspot,32,162,20,285,0.002174377
hotspot_ep32,hotspot,32,163,20,285,0.002174377
hotspot_ep32,hotspot,32,164,20,285,0.002174377
hotspot_ep32,hotspot,32,165,20,285,0.002174377
hotspot_ep32,hotspot,32,166,20,285,0.002174377
hotspot_ep32,hotspot,32,167,20,285,0.002174377
hotspot_ep32,hotspot,32,168,21,285,0.002174377
hotspot_ep32,hotspot,32,169,21,285,0.002174377
hotspot_ep32,hotspot,32,170,21,285,0.002174377
hotspot_ep32,hotspot,32,171,21,285,0.002174377
hotspot_ep32,hotspot,32,172,21,285,0.002174377
hotspot_ep32,hotspot,32,173,21,285,0.002174377
hotspot_ep32,hotspot,32,174,21,285,0.002174377
hotspot_ep32,hotspot,32,175,21,285,0.002174377
hotspot_ep32,hotspot,32,176,22,285,0.002174377
hotspot_ep32,hotspot,32,177,22,285,0.002174377
hotspot_ep32,hotspot,32,178,22,285,0.002174377
hotspot_ep32,hotspot,32,179,22,285,0.002174377
hotspot_ep32,hotspot,32,180,22,285,0.002174377
hotspot_ep32,hotspot,32,181,22,285,0.002174377
hotspot_ep32,hotspot,32,182,22,285,0.002174377
hotspot_ep32,hotspot,32,183,22,285,0.002174377
hotspot_ep32,hotspot,32,184,23,285,0.002174377
hotspot_ep32,hotspot,32,185,23,285,0.002174377
hotspot_ep32,hotspot,32,186,23,285,0.002174377
hotspot_ep32,hotspot,32,187,23,285,0.002174377
hotspot_ep32,hotspot,32,188,23,285,0.002174377
hotspot_ep32,hotspot,32,189,23,285,0.002174377
hotspot_ep32,hotspot,32,190,23,285,0.002174377
hotspot_ep32,hotspot,32,191,23,285,0.002174377
hotspot_ep32,hotspot,32,192,24,285,0.002174377
hotspot_ep32,hotspot,32,193,24,285,0.002174377
hotspot_ep32,hotspot,32,194,24,285,0.002174377
hotspot_ep32,hotspot,32,195,24,285,0.002174377
hotspot_ep32,hotspot,32,196,24,285,0.002174377
hotspot_ep32,hotspot,32,197,24,285,0.002174377
hotspot_ep32,hotspot,32,198,24,285,0.002174377
hotspot_ep32,hotspot,32,199,24,285,0.002174377
hotspot_ep32,hotspot,32,200,25,285,0.002174377
hotspot_ep32,hotspot,32,201,25,285,0.002174377
hotspot_ep32,hotspot,32,202,25,285,0.002174377
hotspot_ep32,hotspot,32,203,25,285,0.002174377
hotspot_ep32,hotspot,32,204,25,285,0.002174377
hotspot_ep32,hotspot,32,205,25,285,0.002174377
hotspot_ep32,hotspot,32,206,25,285,0.002174377
hotspot_ep32,hotspot,32,207,25,285,0.002174377
hotspot_ep32,hotspot,32,208,26,285,0.002174377
hotspot_ep32,hotspot,32,209,26,285,0.002174377
hotspot_ep32,hotspot,32,210,26,285,0.002174377
hotspot_ep32,hotspot,32,211,26,285,0.002174377
hotspot_ep32,hotspot,32,212,26,285,0.002174377
hotspot_ep32,hotspot,32,213,26,285,0.002174377
hotspot_ep32,hotspot,32,214,26,285,0.002174377
hotspot_ep32,hotspot,32,215,26,285,0.002174377
hotspot_ep32,hotspot,32,216,27,285,0.002174377
hotspot_ep32,hotspot,32,217,27,285,0.002174377
hotspot_ep32,hotspot,32,218,27,285,0.002174377
hotspot_ep32,hotspot,32,219,27,285,0.002174377
hotspot_ep32,hotspot,32,220,27,285,0.002174377
hotspot_ep32,hotspot,32,221,27,285,0.002174377
hotspot_ep32,hotspot,32,222,27,285,0.002174377
hotspot_ep32,hotspot,32,223,27,285,0.002174377
hotspot_ep32,hotspot,32,224,28,285,0.002174377
hotspot_ep32,hotspot,32,225,28,285,0.002174377
hotspot_ep32,hotspot,32,226,28,285,0.002174377
hotspot_ep32,hotspot,32,227,28,285,0.002174377
hotspot_ep32,hotspot,32,228,28,285,0.002174377
hotspot_ep32,hotspot,32,229,28,285,0.002174377
hotspot_ep32,hotspot,32,230,28,285,0.002174377
hotspot_ep32,hotspot,32,231,28,285,0.002174377
hotspot_ep32,hotspot,32,232,29,285,0.002174377
hotspot_ep32,hotspot,32,233,29,285,0.002174377
hotspot_ep32,hotspot,32,234,29,285,0.002174377
hotspot_ep32,hotspot,32,235,29,285,0.002174377
hotspot_ep32,hotspot,32,236,29,285,0.002174377
hotspot_ep32,hotspot,32,237,29,285,0.002174377
hotspot_ep32,hotspot,32,238,29,285,0.002174377
hotspot_ep32,hotspot,32,239,29,285,0.002174377
hotspot_ep32,hotspot,32,240,30,285,0.002174377
hotspot_ep32,hotspot,32,241,30,285,0.002174377
hotspot_ep32,hotspot,32,242,30,285,0.002174377
hotspot_ep32,hotspot,32,243,30,285,0.002174377
hotspot_ep32,hotspot,32,244,30,285,0.002174377
hotspot_ep32,hotspot,32,245,30,285,0.002174377
hotspot_ep32,hotspot,32,246,30,285,0.002174377
hotspot_ep32,hotspot,32,247,30,285,0.002174377
hotspot_ep32,hotspot,32,248,31,285,0.002174377
hotspot_ep32,hotspot,32,249,31,285,0.002174377
hotspot_ep32,hotspot,32,250,31,285,0.002174377
hotspot_ep32,hotspot,32,251,31,285,0.002174377
hotspot_ep32,hotspot,32,252,31,285,0.002174377
hotspot_ep32,hotspot,32,253,31,285,0.002174377
hotspot_ep32,hotspot,32,254,31,285,0.002174377
hotspot_ep32,hotspot,32,255,31,285,0.002174377
long_tail_ep32,long_tail,32,0,0,55,0.000419617
long_tail_ep32,long_tail,32,1,0,184,0.001403809
long_tail_ep32,long_tail,32,2,0,75,0.000572205
long_tail_ep32,long_tail,32,3,0,214,0.00163269
long_tail_ep32,long_tail,32,4,0,71,0.000541687
long_tail_ep32,long_tail,32,5,0,48,0.000366211
long_tail_ep32,long_tail,32,6,0,230,0.001754761
long_tail_ep32,long_tail,32,7,0,131,0.000999451
long_tail_ep32,long_tail,32,8,1,128,0.000976562
long_tail_ep32,long_tail,32,9,1,76,0.000579834
long_tail_ep32,long_tail,32,10,1,60,0.000457764
long_tail_ep32,long_tail,32,11,1,265,0.00202179
long_tail_ep32,long_tail,32,12,1,90,0.000686646
long_tail_ep32,long_tail,32,13,1,55,0.000419617
long_tail_ep32,long_tail,32,14,1,47,0.000358582
long_tail_ep32,long_tail,32,15,1,56,0.000427246
long_tail_ep32,long_tail,32,16,2,148,0.00112915
long_tail_ep32,long_tail,32,17,2,132,0.00100708
long_tail_ep32,long_tail,32,18,2,207,0.001579285
long_tail_ep32,long_tail,32,19,2,6298,0.048049927
long_tail_ep32,long_tail,32,20,2,62,0.000473022
long_tail_ep32,long_tail,32,21,2,53,0.000404358
long_tail_ep32,long_tail,32,22,2,113,0.000862122
long_tail_ep32,long_tail,32,23,2,297,0.00226593
long_tail_ep32,long_tail,32,24,3,249,0.001899719
long_tail_ep32,long_tail,32,25,3,87,0.000663757
long_tail_ep32,long_tail,32,26,3,144,0.001098633
long_tail_ep32,long_tail,32,27,3,436,0.003326416
long_tail_ep32,long_tail,32,28,3,161,0.001228333
long_tail_ep32,long_tail,32,29,3,466,0.003555298
long_tail_ep32,long_tail,32,30,3,66,0.00050354
long_tail_ep32,long_tail,32,31,3,101,0.000770569
long_tail_ep32,long_tail,32,32,4,81,0.000617981
long_tail_ep32,long_tail,32,33,4,345,0.002632141
long_tail_ep32,long_tail,32,34,4,143,0.001091003
long_tail_ep32,long_tail,32,35,4,159,0.001213074
long_tail_ep32,long_tail,32,36,4,61,0.000465393
long_tail_ep32,long_tail,32,37,4,699,0.005332947
long_tail_ep32,long_tail,32,38,4,336,0.002563477
long_tail_ep32,long_tail,32,39,4,54,0.000411987
long_tail_ep32,long_tail,32,40,5,88,0.000671387
long_tail_ep32,long_tail,32,41,5,62,0.000473022
long_tail_ep32,long_tail,32,42,5,51,0.000389099
long_tail_ep32,long_tail,32,43,5,43,0.000328064
long_tail_ep32,long_tail,32,44,5,71,0.000541687
long_tail_ep32,long_tail,32,45,5,190,0.001449585
long_tail_ep32,long_tail,32,46,5,178,0.001358032
long_tail_ep32,long_tail,32,47,5,386,0.002944946
long_tail_ep32,long_tail,32,48,6,54,0.000411987
long_tail_ep32,long_tail,32,49,6,129,0.000984192
long_tail_ep32,long_tail,32,50,6,100,0.000762939
long_tail_ep32,long_tail,32,51,6,59,0.000450134
long_tail_ep32,long_tail,32,52,6,53,0.000404358
long_tail_ep32,long_tail,32,53,6,46,0.000350952
long_tail_ep32,long_tail,32,54,6,218,0.001663208
long_tail_ep32,long_tail,32,55,6,119,0.000907898
long_tail_ep32,long_tail,32,56,7,45,0.000343323
long_tail_ep32,long_tail,32,57,7,83,0.00063324
long_tail_ep32,long_tail,32,58,7,610,0.004653931
long_tail_ep32,long_tail,32,59,7,49,0.00037384
long_tail_ep32,long_tail,32,60,7,103,0.000785828
long_tail_ep32,long_tail,32,61,7,92,0.000701904
long_tail_ep32,long_tail,32,62,7,200,0.001525879
long_tail_ep32,long_tail,32,63,7,125,0.000953674
long_tail_ep32,long_tail,32,64,8,65,0.000495911
long_tail_ep32,long_tail,32,65,8,170,0.001296997
long_tail_ep32,long_tail,32,66,8,585,0.004463196
long_tail_ep32,long_tail,32,67,8,123,0.000938416
long_tail_ep32,long_tail,32,68,8,540,0.004119873
long_tail_ep32,long_tail,32,69,8,65,0.000495911
long_tail_ep32,long_tail,32,70,8,1531,0.011680603
long_tail_ep32,long_tail,32,71,8,63,0.000480652
long_tail_ep32,long_tail,32,72,9,137,0.001045227
long_tail_ep32,long_tail,32,73,9,67,0.000511169
long_tail_ep32,long_tail,32,74,9,271,0.002067566
long_tail_ep32,long_tail,32,75,9,3872,0.029541016
long_tail_ep32,long_tail,32,76,9,1036,0.007904053
long_tail_ep32,long_tail,32,77,9,97,0.000740051
long_tail_ep32,long_tail,32,78,9,319,0.002433777
long_tail_ep32,long_tail,32,79,9,1193,0.009101868
long_tail_ep32,long_tail,32,80,10,61,0.000465393
long_tail_ep32,long_tail,32,81,10,134,0.001022339
long_tail_ep32,long_tail,32,82,10,2380,0.018157959
long_tail_ep32,long_tail,32,83,10,48,0.000366211
long_tail_ep32,long_tail,32,84,10,176,0.001342773
long_tail_ep32,long_tail,32,85,10,971,0.007408142
long_tail_ep32,long_tail,32,86,10,44,0.000335693
long_tail_ep32,long_tail,32,87,10,51,0.000389099
long_tail_ep32,long_tail,32,88,11,327,0.002494812
long_tail_ep32,long_tail,32,89,11,97,0.000740051
long_tail_ep32,long_tail,32,90,11,1871,0.014274597
long_tail_ep32,long_tail,32,91,11,861,0.006568909
long_tail_ep32,long_tail,32,92,11,81,0.000617981
long_tail_ep32,long_tail,32,93,11,58,0.000442505
long_tail_ep32,long_tail,32,94,11,66,0.00050354
long_tail_ep32,long_tail,32,95,11,46,0.000350952
long_tail_ep32,long_tail,32,96,12,52,0.000396729
long_tail_ep32,long_tail,32,97,12,111,0.000846863
long_tail_ep32,long_tail,32,98,12,44,0.000335693
long_tail_ep32,long_tail,32,99,12,226,0.001724243
long_tail_ep32,long_tail,32,100,12,277,0.002113342
long_tail_ep32,long_tail,32,101,12,56,0.000427246
long_tail_ep32,long_tail,32,102,12,146,0.001113892
long_tail_ep32,long_tail,32,103,12,44,0.000335693
long_tail_ep32,long_tail,32,104,13,67,0.000511169
long_tail_ep32,long_tail,32,105,13,78,0.000595093
long_tail_ep32,long_tail,32,106,13,57,0.000434875
long_tail_ep32,long_tail,32,107,13,139,0.001060486
long_tail_ep32,long_tail,32,108,13,70,0.000534058
long_tail_ep32,long_tail,32,109,13,47,0.000358582
long_tail_ep32,long_tail,32,110,13,122,0.000930786
long_tail_ep32,long_tail,32,111,13,222,0.001693726
long_tail_ep32,long_tail,32,112,14,45,0.000343323
long_tail_ep32,long_tail,32,113,14,59,0.000450134
long_tail_ep32,long_tail,32,114,14,244,0.001861572
long_tail_ep32,long_tail,32,115,14,410,0.003128052
long_tail_ep32,long_tail,32,116,14,76,0.000579834
long_tail_ep32,long_tail,32,117,14,210,0.001602173
long_tail_ep32,long_tail,32,118,14,53,0.000404358
long_tail_ep32,long_tail,32,119,14,106,0.000808716
long_tail_ep32,long_tail,32,120,15,284,0.002166748
long_tail_ep32,long_tail,32,121,15,63,0.000480652
long_tail_ep32,long_tail,32,122,15,53,0.000404358
long_tail_ep32,long_tail,32,123,15,93,0.000709534
long_tail_ep32,long_tail,32,124,15,72,0.000549316
long_tail_ep32,long_tail,32,125,15,51,0.000389099
long_tail_ep32,long_tail,32,126,15,109,0.000831604
long_tail_ep32,long_tail,32,127,15,107,0.000816345
long_tail_ep32,long_tail,32,128,16,79,0.000602722
long_tail_ep32,long_tail,32,129,16,64,0.000488281
long_tail_ep32,long_tail,32,130,16,187,0.001426697
long_tail_ep32,long_tail,32,131,16,118,0.000900269
long_tail_ep32,long_tail,32,132,16,47,0.000358582
long_tail_ep32,long_tail,32,133,16,290,0.002212524
long_tail_ep32,long_tail,32,134,16,68,0.000518799
long_tail_ep32,long_tail,32,135,16,121,0.000923157
long_tail_ep32,long_tail,32,136,17,94,0.000717163
long_tail_ep32,long_tail,32,137,17,91,0.000694275
long_tail_ep32,long_tail,32,138,17,254,0.001937866
long_tail_ep32,long_tail,32,139,17,62,0.000473022
long_tail_ep32,long_tail,32,140,17,49,0.00037384
long_tail_ep32,long_tail,32,141,17,772,0.005889893
long_tail_ep32,long_tail,32,142,17,58,0.000442505
long_tail_ep32,long_tail,32,143,17,49,0.00037384
long_tail_ep32,long_tail,32,144,18,168,0.001281738
long_tail_ep32,long_tail,32,145,18,126,0.000961304
long_tail_ep32,long_tail,32,146,18,70,0.000534058
long_tail_ep32,long_tail,32,147,18,47,0.000358582
long_tail_ep32,long_tail,32,148,18,73,0.000556946
long_tail_ep32,long_tail,32,149,18,80,0.000610352
long_tail_ep32,long_tail,32,150,18,913,0.006965637
long_tail_ep32,long_tail,32,151,18,50,0.00038147
long_tail_ep32,long_tail,32,152,19,235,0.001792908
long_tail_ep32,long_tail,32,153,19,397,0.00302887
long_tail_ep32,long_tail,32,154,19,92,0.000701904
long_tail_ep32,long_tail,32,155,19,304,0.002319336
long_tail_ep32,long_tail,32,156,19,734,0.005599976
long_tail_ep32,long_tail,32,157,19,74,0.000564575
long_tail_ep32,long_tail,32,158,19,4819,0.036766052
long_tail_ep32,long_tail,32,159,19,88,0.000671387
long_tail_ep32,long_tail,32,160,20,1289,0.00983429
long_tail_ep32,long_tail,32,161,20,105,0.000801086
long_tail_ep32,long_tail,32,162,20,72,0.000549316
long_tail_ep32,long_tail,32,163,20,14470,0.110397339
long_tail_ep32,long_tail,32,164,20,46,0.000350952
long_tail_ep32,long_tail,32,165,20,43,0.000328064
long_tail_ep32,long_tail,32,166,20,110,0.000839233
long_tail_ep32,long_tail,32,167,20,163,0.001243591
long_tail_ep32,long_tail,32,168,21,196,0.001495361
long_tail_ep32,long_tail,32,169,21,84,0.000640869
long_tail_ep32,long_tail,32,170,21,181,0.00138092
long_tail_ep32,long_tail,32,171,21,50,0.00038147
long_tail_ep32,long_tail,32,172,21,82,0.00062561
long_tail_ep32,long_tail,32,173,21,51,0.000389099
long_tail_ep32,long_tail,32,174,21,79,0.000602722
long_tail_ep32,long_tail,32,175,21,375,0.002861023
long_tail_ep32,long_tail,32,176,22,56,0.000427246
long_tail_ep32,long_tail,32,177,22,45,0.000343323
long_tail_ep32,long_tail,32,178,22,3218,0.024551392
long_tail_ep32,long_tail,32,179,22,65,0.000495911
long_tail_ep32,long_tail,32,180,22,312,0.002380371
long_tail_ep32,long_tail,32,181,22,156,0.001190186
long_tail_ep32,long_tail,32,182,22,69,0.000526428
long_tail_ep32,long_tail,32,183,22,55,0.000419617
long_tail_ep32,long_tail,32,184,23,52,0.000396729
long_tail_ep32,long_tail,32,185,23,60,0.000457764
long_tail_ep32,long_tail,32,186,23,114,0.000869751
long_tail_ep32,long_tail,32,187,23,43,0.000328064
long_tail_ep32,long_tail,32,188,23,46,0.000350952
long_tail_ep32,long_tail,32,189,23,57,0.000434875
long_tail_ep32,long_tail,32,190,23,86,0.000656128
long_tail_ep32,long_tail,32,191,23,814,0.006210327
long_tail_ep32,long_tail,32,192,24,50,0.00038147
long_tail_ep32,long_tail,32,193,24,89,0.000679016
long_tail_ep32,long_tail,32,194,24,1685,0.01285553
long_tail_ep32,long_tail,32,195,24,116,0.00088501
long_tail_ep32,long_tail,32,196,24,240,0.001831055
long_tail_ep32,long_tail,32,197,24,45,0.000343323
long_tail_ep32,long_tail,32,198,24,74,0.000564575
long_tail_ep32,long_tail,32,199,24,83,0.00063324
long_tail_ep32,long_tail,32,200,25,8895,0.067863464
long_tail_ep32,long_tail,32,201,25,154,0.001174927
long_tail_ep32,long_tail,32,202,25,59,0.000450134
long_tail_ep32,long_tail,32,203,25,73,0.000556946
long_tail_ep32,long_tail,32,204,25,102,0.000778198
long_tail_ep32,long_tail,32,205,25,77,0.000587463
long_tail_ep32,long_tail,32,206,25,61,0.000465393
long_tail_ep32,long_tail,32,207,25,666,0.005081177
long_tail_ep32,long_tail,32,208,26,75,0.000572205
long_tail_ep32,long_tail,32,209,26,519,0.003959656
long_tail_ep32,long_tail,32,210,26,354,0.002700806
long_tail_ep32,long_tail,32,211,26,451,0.003440857
long_tail_ep32,long_tail,32,212,26,1110,0.008468628
long_tail_ep32,long_tail,32,213,26,95,0.000724792
long_tail_ep32,long_tail,32,214,26,85,0.000648499
long_tail_ep32,long_tail,32,215,26,260,0.001983643
long_tail_ep32,long_tail,32,216,27,136,0.001037598
long_tail_ep32,long_tail,32,217,27,364,0.0027771
long_tail_ep32,long_tail,32,218,27,45,0.000343323
long_tail_ep32,long_tail,32,219,27,43,0.000328064
long_tail_ep32,long_tail,32,220,27,173,0.001319885
long_tail_ep32,long_tail,32,221,27,203,0.001548767
long_tail_ep32,long_tail,32,222,27,54,0.000411987
long_tail_ep32,long_tail,32,223,27,1401,0.010688782
long_tail_ep32,long_tail,32,224,28,423,0.003227234
long_tail_ep32,long_tail,32,225,28,152,0.001159668
long_tail_ep32,long_tail,32,226,28,69,0.000526428
long_tail_ep32,long_tail,32,227,28,166,0.001266479
long_tail_ep32,long_tail,32,228,28,2097,0.01599884
long_tail_ep32,long_tail,32,229,28,85,0.000648499
long_tail_ep32,long_tail,32,230,28,112,0.000854492
long_tail_ep32,long_tail,32,231,28,141,0.001075745
long_tail_ep32,long_tail,32,232,29,117,0.000892639
long_tail_ep32,long_tail,32,233,29,57,0.000434875
long_tail_ep32,long_tail,32,234,29,637,0.004859924
long_tail_ep32,long_tail,32,235,29,68,0.000518799
long_tail_ep32,long_tail,32,236,29,58,0.000442505
long_tail_ep32,long_tail,32,237,29,561,0.00428009
long_tail_ep32,long_tail,32,238,29,33243,0.253623962
long_tail_ep32,long_tail,32,239,29,64,0.000488281
long_tail_ep32,long_tail,32,240,30,48,0.000366211
long_tail_ep32,long_tail,32,241,30,78,0.000595093
long_tail_ep32,long_tail,32,242,30,47,0.000358582
long_tail_ep32,long_tail,32,243,30,2742,0.0209198
long_tail_ep32,long_tail,32,244,30,96,0.000732422
long_tail_ep32,long_tail,32,245,30,150,0.001144409
long_tail_ep32,long_tail,32,246,30,98,0.000747681
long_tail_ep32,long_tail,32,247,30,501,0.003822327
long_tail_ep32,long_tail,32,248,31,483,0.003684998
long_tail_ep32,long_tail,32,249,31,48,0.000366211
long_tail_ep32,long_tail,32,250,31,99,0.00075531
long_tail_ep32,long_tail,32,251,31,44,0.000335693
long_tail_ep32,long_tail,32,252,31,104,0.000793457
long_tail_ep32,long_tail,32,253,31,49,0.00037384
long_tail_ep32,long_tail,32,254,31,193,0.001472473
long_tail_ep32,long_tail,32,255,31,52,0.000396729
uniform_ep128,uniform,128,0,0,512,0.00390625
uniform_ep128,uniform,128,1,0,512,0.00390625
uniform_ep128,uniform,128,2,1,512,0.00390625
uniform_ep128,uniform,128,3,1,512,0.00390625
uniform_ep128,uniform,128,4,2,512,0.00390625
uniform_ep128,uniform,128,5,2,512,0.00390625
uniform_ep128,uniform,128,6,3,512,0.00390625
uniform_ep128,uniform,128,7,3,512,0.00390625
uniform_ep128,uniform,128,8,4,512,0.00390625
uniform_ep128,uniform,128,9,4,512,0.00390625
uniform_ep128,uniform,128,10,5,512,0.00390625
uniform_ep128,uniform,128,11,5,512,0.00390625
uniform_ep128,uniform,128,12,6,512,0.00390625
uniform_ep128,uniform,128,13,6,512,0.00390625
uniform_ep128,uniform,128,14,7,512,0.00390625
uniform_ep128,uniform,128,15,7,512,0.00390625
uniform_ep128,uniform,128,16,8,512,0.00390625
uniform_ep128,uniform,128,17,8,512,0.00390625
uniform_ep128,uniform,128,18,9,512,0.00390625
uniform_ep128,uniform,128,19,9,512,0.00390625
uniform_ep128,uniform,128,20,10,512,0.00390625
uniform_ep128,uniform,128,21,10,512,0.00390625
uniform_ep128,uniform,128,22,11,512,0.00390625
uniform_ep128,uniform,128,23,11,512,0.00390625
uniform_ep128,uniform,128,24,12,512,0.00390625
uniform_ep128,uniform,128,25,12,512,0.00390625
uniform_ep128,uniform,128,26,13,512,0.00390625
uniform_ep128,uniform,128,27,13,512,0.00390625
uniform_ep128,uniform,128,28,14,512,0.00390625
uniform_ep128,uniform,128,29,14,512,0.00390625
uniform_ep128,uniform,128,30,15,512,0.00390625
uniform_ep128,uniform,128,31,15,512,0.00390625
uniform_ep128,uniform,128,32,16,512,0.00390625
uniform_ep128,uniform,128,33,16,512,0.00390625
uniform_ep128,uniform,128,34,17,512,0.00390625
uniform_ep128,uniform,128,35,17,512,0.00390625
uniform_ep128,uniform,128,36,18,512,0.00390625
uniform_ep128,uniform,128,37,18,512,0.00390625
uniform_ep128,uniform,128,38,19,512,0.00390625
uniform_ep128,uniform,128,39,19,512,0.00390625
uniform_ep128,uniform,128,40,20,512,0.00390625
uniform_ep128,uniform,128,41,20,512,0.00390625
uniform_ep128,uniform,128,42,21,512,0.00390625
uniform_ep128,uniform,128,43,21,512,0.00390625
uniform_ep128,uniform,128,44,22,512,0.00390625
uniform_ep128,uniform,128,45,22,512,0.00390625
uniform_ep128,uniform,128,46,23,512,0.00390625
uniform_ep128,uniform,128,47,23,512,0.00390625
uniform_ep128,uniform,128,48,24,512,0.00390625
uniform_ep128,uniform,128,49,24,512,0.00390625
uniform_ep128,uniform,128,50,25,512,0.00390625
uniform_ep128,uniform,128,51,25,512,0.00390625
uniform_ep128,uniform,128,52,26,512,0.00390625
uniform_ep128,uniform,128,53,26,512,0.00390625
uniform_ep128,uniform,128,54,27,512,0.00390625
uniform_ep128,uniform,128,55,27,512,0.00390625
uniform_ep128,uniform,128,56,28,512,0.00390625
uniform_ep128,uniform,128,57,28,512,0.00390625
uniform_ep128,uniform,128,58,29,512,0.00390625
uniform_ep128,uniform,128,59,29,512,0.00390625
uniform_ep128,uniform,128,60,30,512,0.00390625
uniform_ep128,uniform,128,61,30,512,0.00390625
uniform_ep128,uniform,128,62,31,512,0.00390625
uniform_ep128,uniform,128,63,31,512,0.00390625
uniform_ep128,uniform,128,64,32,512,0.00390625
uniform_ep128,uniform,128,65,32,512,0.00390625
uniform_ep128,uniform,128,66,33,512,0.00390625
uniform_ep128,uniform,128,67,33,512,0.00390625
uniform_ep128,uniform,128,68,34,512,0.00390625
uniform_ep128,uniform,128,69,34,512,0.00390625
uniform_ep128,uniform,128,70,35,512,0.00390625
uniform_ep128,uniform,128,71,35,512,0.00390625
uniform_ep128,uniform,128,72,36,512,0.00390625
uniform_ep128,uniform,128,73,36,512,0.00390625
uniform_ep128,uniform,128,74,37,512,0.00390625
uniform_ep128,uniform,128,75,37,512,0.00390625
uniform_ep128,uniform,128,76,38,512,0.00390625
uniform_ep128,uniform,128,77,38,512,0.00390625
uniform_ep128,uniform,128,78,39,512,0.00390625
uniform_ep128,uniform,128,79,39,512,0.00390625
uniform_ep128,uniform,128,80,40,512,0.00390625
uniform_ep128,uniform,128,81,40,512,0.00390625
uniform_ep128,uniform,128,82,41,512,0.00390625
uniform_ep128,uniform,128,83,41,512,0.00390625
uniform_ep128,uniform,128,84,42,512,0.00390625
uniform_ep128,uniform,128,85,42,512,0.00390625
uniform_ep128,uniform,128,86,43,512,0.00390625
uniform_ep128,uniform,128,87,43,512,0.00390625
uniform_ep128,uniform,128,88,44,512,0.00390625
uniform_ep128,uniform,128,89,44,512,0.00390625
uniform_ep128,uniform,128,90,45,512,0.00390625
uniform_ep128,uniform,128,91,45,512,0.00390625
uniform_ep128,uniform,128,92,46,512,0.00390625
uniform_ep128,uniform,128,93,46,512,0.00390625
uniform_ep128,uniform,128,94,47,512,0.00390625
uniform_ep128,uniform,128,95,47,512,0.00390625
uniform_ep128,uniform,128,96,48,512,0.00390625
uniform_ep128,uniform,128,97,48,512,0.00390625
uniform_ep128,uniform,128,98,49,512,0.00390625
uniform_ep128,uniform,128,99,49,512,0.00390625
uniform_ep128,uniform,128,100,50,512,0.00390625
uniform_ep128,uniform,128,101,50,512,0.00390625
uniform_ep128,uniform,128,102,51,512,0.00390625
uniform_ep128,uniform,128,103,51,512,0.00390625
uniform_ep128,uniform,128,104,52,512,0.00390625
uniform_ep128,uniform,128,105,52,512,0.00390625
uniform_ep128,uniform,128,106,53,512,0.00390625
uniform_ep128,uniform,128,107,53,512,0.00390625
uniform_ep128,uniform,128,108,54,512,0.00390625
uniform_ep128,uniform,128,109,54,512,0.00390625
uniform_ep128,uniform,128,110,55,512,0.00390625
uniform_ep128,uniform,128,111,55,512,0.00390625
uniform_ep128,uniform,128,112,56,512,0.00390625
uniform_ep128,uniform,128,113,56,512,0.00390625
uniform_ep128,uniform,128,114,57,512,0.00390625
uniform_ep128,uniform,128,115,57,512,0.00390625
uniform_ep128,uniform,128,116,58,512,0.00390625
uniform_ep128,uniform,128,117,58,512,0.00390625
uniform_ep128,uniform,128,118,59,512,0.00390625
uniform_ep128,uniform,128,119,59,512,0.00390625
uniform_ep128,uniform,128,120,60,512,0.00390625
uniform_ep128,uniform,128,121,60,512,0.00390625
uniform_ep128,uniform,128,122,61,512,0.00390625
uniform_ep128,uniform,128,123,61,512,0.00390625
uniform_ep128,uniform,128,124,62,512,0.00390625
uniform_ep128,uniform,128,125,62,512,0.00390625
uniform_ep128,uniform,128,126,63,512,0.00390625
uniform_ep128,uniform,128,127,63,512,0.00390625
uniform_ep128,uniform,128,128,64,512,0.00390625
uniform_ep128,uniform,128,129,64,512,0.00390625
uniform_ep128,uniform,128,130,65,512,0.00390625
uniform_ep128,uniform,128,131,65,512,0.00390625
uniform_ep128,uniform,128,132,66,512,0.00390625
uniform_ep128,uniform,128,133,66,512,0.00390625
uniform_ep128,uniform,128,134,67,512,0.00390625
uniform_ep128,uniform,128,135,67,512,0.00390625
uniform_ep128,uniform,128,136,68,512,0.00390625
uniform_ep128,uniform,128,137,68,512,0.00390625
uniform_ep128,uniform,128,138,69,512,0.00390625
uniform_ep128,uniform,128,139,69,512,0.00390625
uniform_ep128,uniform,128,140,70,512,0.00390625
uniform_ep128,uniform,128,141,70,512,0.00390625
uniform_ep128,uniform,128,142,71,512,0.00390625
uniform_ep128,uniform,128,143,71,512,0.00390625
uniform_ep128,uniform,128,144,72,512,0.00390625
uniform_ep128,uniform,128,145,72,512,0.00390625
uniform_ep128,uniform,128,146,73,512,0.00390625
uniform_ep128,uniform,128,147,73,512,0.00390625
uniform_ep128,uniform,128,148,74,512,0.00390625
uniform_ep128,uniform,128,149,74,512,0.00390625
uniform_ep128,uniform,128,150,75,512,0.00390625
uniform_ep128,uniform,128,151,75,512,0.00390625
uniform_ep128,uniform,128,152,76,512,0.00390625
uniform_ep128,uniform,128,153,76,512,0.00390625
uniform_ep128,uniform,128,154,77,512,0.00390625
uniform_ep128,uniform,128,155,77,512,0.00390625
uniform_ep128,uniform,128,156,78,512,0.00390625
uniform_ep128,uniform,128,157,78,512,0.00390625
uniform_ep128,uniform,128,158,79,512,0.00390625
uniform_ep128,uniform,128,159,79,512,0.00390625
uniform_ep128,uniform,128,160,80,512,0.00390625
uniform_ep128,uniform,128,161,80,512,0.00390625
uniform_ep128,uniform,128,162,81,512,0.00390625
uniform_ep128,uniform,128,163,81,512,0.00390625
uniform_ep128,uniform,128,164,82,512,0.00390625
uniform_ep128,uniform,128,165,82,512,0.00390625
uniform_ep128,uniform,128,166,83,512,0.00390625
uniform_ep128,uniform,128,167,83,512,0.00390625
uniform_ep128,uniform,128,168,84,512,0.00390625
uniform_ep128,uniform,128,169,84,512,0.00390625
uniform_ep128,uniform,128,170,85,512,0.00390625
uniform_ep128,uniform,128,171,85,512,0.00390625
uniform_ep128,uniform,128,172,86,512,0.00390625
uniform_ep128,uniform,128,173,86,512,0.00390625
uniform_ep128,uniform,128,174,87,512,0.00390625
uniform_ep128,uniform,128,175,87,512,0.00390625
uniform_ep128,uniform,128,176,88,512,0.00390625
uniform_ep128,uniform,128,177,88,512,0.00390625
uniform_ep128,uniform,128,178,89,512,0.00390625
uniform_ep128,uniform,128,179,89,512,0.00390625
uniform_ep128,uniform,128,180,90,512,0.00390625
uniform_ep128,uniform,128,181,90,512,0.00390625
uniform_ep128,uniform,128,182,91,512,0.00390625
uniform_ep128,uniform,128,183,91,512,0.00390625
uniform_ep128,uniform,128,184,92,512,0.00390625
uniform_ep128,uniform,128,185,92,512,0.00390625
uniform_ep128,uniform,128,186,93,512,0.00390625
uniform_ep128,uniform,128,187,93,512,0.00390625
uniform_ep128,uniform,128,188,94,512,0.00390625
uniform_ep128,uniform,128,189,94,512,0.00390625
uniform_ep128,uniform,128,190,95,512,0.00390625
uniform_ep128,uniform,128,191,95,512,0.00390625
uniform_ep128,uniform,128,192,96,512,0.00390625
uniform_ep128,uniform,128,193,96,512,0.00390625
uniform_ep128,uniform,128,194,97,512,0.00390625
uniform_ep128,uniform,128,195,97,512,0.00390625
uniform_ep128,uniform,128,196,98,512,0.00390625
uniform_ep128,uniform,128,197,98,512,0.00390625
uniform_ep128,uniform,128,198,99,512,0.00390625
uniform_ep128,uniform,128,199,99,512,0.00390625
uniform_ep128,uniform,128,200,100,512,0.00390625
uniform_ep128,uniform,128,201,100,512,0.00390625
uniform_ep128,uniform,128,202,101,512,0.00390625
uniform_ep128,uniform,128,203,101,512,0.00390625
uniform_ep128,uniform,128,204,102,512,0.00390625
uniform_ep128,uniform,128,205,102,512,0.00390625
uniform_ep128,uniform,128,206,103,512,0.00390625
uniform_ep128,uniform,128,207,103,512,0.00390625
uniform_ep128,uniform,128,208,104,512,0.00390625
uniform_ep128,uniform,128,209,104,512,0.00390625
uniform_ep128,uniform,128,210,105,512,0.00390625
uniform_ep128,uniform,128,211,105,512,0.00390625
uniform_ep128,uniform,128,212,106,512,0.00390625
uniform_ep128,uniform,128,213,106,512,0.00390625
uniform_ep128,uniform,128,214,107,512,0.00390625
uniform_ep128,uniform,128,215,107,512,0.00390625
uniform_ep128,uniform,128,216,108,512,0.00390625
uniform_ep128,uniform,128,217,108,512,0.00390625
uniform_ep128,uniform,128,218,109,512,0.00390625
uniform_ep128,uniform,128,219,109,512,0.00390625
uniform_ep128,uniform,128,220,110,512,0.00390625
uniform_ep128,uniform,128,221,110,512,0.00390625
uniform_ep128,uniform,128,222,111,512,0.00390625
uniform_ep128,uniform,128,223,111,512,0.00390625
uniform_ep128,uniform,128,224,112,512,0.00390625
uniform_ep128,uniform,128,225,112,512,0.00390625
uniform_ep128,uniform,128,226,113,512,0.00390625
uniform_ep128,uniform,128,227,113,512,0.00390625
uniform_ep128,uniform,128,228,114,512,0.00390625
uniform_ep128,uniform,128,229,114,512,0.00390625
uniform_ep128,uniform,128,230,115,512,0.00390625
uniform_ep128,uniform,128,231,115,512,0.00390625
uniform_ep128,uniform,128,232,116,512,0.00390625
uniform_ep128,uniform,128,233,116,512,0.00390625
uniform_ep128,uniform,128,234,117,512,0.00390625
uniform_ep128,uniform,128,235,117,512,0.00390625
uniform_ep128,uniform,128,236,118,512,0.00390625
uniform_ep128,uniform,128,237,118,512,0.00390625
uniform_ep128,uniform,128,238,119,512,0.00390625
uniform_ep128,uniform,128,239,119,512,0.00390625
uniform_ep128,uniform,128,240,120,512,0.00390625
uniform_ep128,uniform,128,241,120,512,0.00390625
uniform_ep128,uniform,128,242,121,512,0.00390625
uniform_ep128,uniform,128,243,121,512,0.00390625
uniform_ep128,uniform,128,244,122,512,0.00390625
uniform_ep128,uniform,128,245,122,512,0.00390625
uniform_ep128,uniform,128,246,123,512,0.00390625
uniform_ep128,uniform,128,247,123,512,0.00390625
uniform_ep128,uniform,128,248,124,512,0.00390625
uniform_ep128,uniform,128,249,124,512,0.00390625
uniform_ep128,uniform,128,250,125,512,0.00390625
uniform_ep128,uniform,128,251,125,512,0.00390625
uniform_ep128,uniform,128,252,126,512,0.00390625
uniform_ep128,uniform,128,253,126,512,0.00390625
uniform_ep128,uniform,128,254,127,512,0.00390625
uniform_ep128,uniform,128,255,127,512,0.00390625
hotspot_ep128,hotspot,128,0,0,2521,0.019233704
hotspot_ep128,hotspot,128,1,0,2521,0.019233704
hotspot_ep128,hotspot,128,2,1,2520,0.019226074
hotspot_ep128,hotspot,128,3,1,2520,0.019226074
hotspot_ep128,hotspot,128,4,2,2520,0.019226074
hotspot_ep128,hotspot,128,5,2,2520,0.019226074
hotspot_ep128,hotspot,128,6,3,2520,0.019226074
hotspot_ep128,hotspot,128,7,3,2520,0.019226074
hotspot_ep128,hotspot,128,8,4,2520,0.019226074
hotspot_ep128,hotspot,128,9,4,2520,0.019226074
hotspot_ep128,hotspot,128,10,5,2520,0.019226074
hotspot_ep128,hotspot,128,11,5,2520,0.019226074
hotspot_ep128,hotspot,128,12,6,2520,0.019226074
hotspot_ep128,hotspot,128,13,6,2520,0.019226074
hotspot_ep128,hotspot,128,14,7,2520,0.019226074
hotspot_ep128,hotspot,128,15,7,2520,0.019226074
hotspot_ep128,hotspot,128,16,8,2520,0.019226074
hotspot_ep128,hotspot,128,17,8,2520,0.019226074
hotspot_ep128,hotspot,128,18,9,2520,0.019226074
hotspot_ep128,hotspot,128,19,9,2520,0.019226074
hotspot_ep128,hotspot,128,20,10,2520,0.019226074
hotspot_ep128,hotspot,128,21,10,2520,0.019226074
hotspot_ep128,hotspot,128,22,11,2520,0.019226074
hotspot_ep128,hotspot,128,23,11,2520,0.019226074
hotspot_ep128,hotspot,128,24,12,2520,0.019226074
hotspot_ep128,hotspot,128,25,12,2520,0.019226074
hotspot_ep128,hotspot,128,26,13,285,0.002174377
hotspot_ep128,hotspot,128,27,13,285,0.002174377
hotspot_ep128,hotspot,128,28,14,285,0.002174377
hotspot_ep128,hotspot,128,29,14,285,0.002174377
hotspot_ep128,hotspot,128,30,15,285,0.002174377
hotspot_ep128,hotspot,128,31,15,285,0.002174377
hotspot_ep128,hotspot,128,32,16,285,0.002174377
hotspot_ep128,hotspot,128,33,16,285,0.002174377
hotspot_ep128,hotspot,128,34,17,285,0.002174377
hotspot_ep128,hotspot,128,35,17,285,0.002174377
hotspot_ep128,hotspot,128,36,18,285,0.002174377
hotspot_ep128,hotspot,128,37,18,285,0.002174377
hotspot_ep128,hotspot,128,38,19,285,0.002174377
hotspot_ep128,hotspot,128,39,19,285,0.002174377
hotspot_ep128,hotspot,128,40,20,285,0.002174377
hotspot_ep128,hotspot,128,41,20,285,0.002174377
hotspot_ep128,hotspot,128,42,21,285,0.002174377
hotspot_ep128,hotspot,128,43,21,285,0.002174377
hotspot_ep128,hotspot,128,44,22,285,0.002174377
hotspot_ep128,hotspot,128,45,22,285,0.002174377
hotspot_ep128,hotspot,128,46,23,285,0.002174377
hotspot_ep128,hotspot,128,47,23,285,0.002174377
hotspot_ep128,hotspot,128,48,24,285,0.002174377
hotspot_ep128,hotspot,128,49,24,285,0.002174377
hotspot_ep128,hotspot,128,50,25,285,0.002174377
hotspot_ep128,hotspot,128,51,25,285,0.002174377
hotspot_ep128,hotspot,128,52,26,285,0.002174377
hotspot_ep128,hotspot,128,53,26,285,0.002174377
hotspot_ep128,hotspot,128,54,27,285,0.002174377
hotspot_ep128,hotspot,128,55,27,285,0.002174377
hotspot_ep128,hotspot,128,56,28,285,0.002174377
hotspot_ep128,hotspot,128,57,28,285,0.002174377
hotspot_ep128,hotspot,128,58,29,285,0.002174377
hotspot_ep128,hotspot,128,59,29,285,0.002174377
hotspot_ep128,hotspot,128,60,30,285,0.002174377
hotspot_ep128,hotspot,128,61,30,285,0.002174377
hotspot_ep128,hotspot,128,62,31,285,0.002174377
hotspot_ep128,hotspot,128,63,31,285,0.002174377
hotspot_ep128,hotspot,128,64,32,285,0.002174377
hotspot_ep128,hotspot,128,65,32,285,0.002174377
hotspot_ep128,hotspot,128,66,33,285,0.002174377
hotspot_ep128,hotspot,128,67,33,285,0.002174377
hotspot_ep128,hotspot,128,68,34,285,0.002174377
hotspot_ep128,hotspot,128,69,34,285,0.002174377
hotspot_ep128,hotspot,128,70,35,285,0.002174377
hotspot_ep128,hotspot,128,71,35,285,0.002174377
hotspot_ep128,hotspot,128,72,36,285,0.002174377
hotspot_ep128,hotspot,128,73,36,285,0.002174377
hotspot_ep128,hotspot,128,74,37,285,0.002174377
hotspot_ep128,hotspot,128,75,37,285,0.002174377
hotspot_ep128,hotspot,128,76,38,285,0.002174377
hotspot_ep128,hotspot,128,77,38,285,0.002174377
hotspot_ep128,hotspot,128,78,39,285,0.002174377
hotspot_ep128,hotspot,128,79,39,285,0.002174377
hotspot_ep128,hotspot,128,80,40,285,0.002174377
hotspot_ep128,hotspot,128,81,40,285,0.002174377
hotspot_ep128,hotspot,128,82,41,285,0.002174377
hotspot_ep128,hotspot,128,83,41,285,0.002174377
hotspot_ep128,hotspot,128,84,42,285,0.002174377
hotspot_ep128,hotspot,128,85,42,285,0.002174377
hotspot_ep128,hotspot,128,86,43,285,0.002174377
hotspot_ep128,hotspot,128,87,43,285,0.002174377
hotspot_ep128,hotspot,128,88,44,285,0.002174377
hotspot_ep128,hotspot,128,89,44,285,0.002174377
hotspot_ep128,hotspot,128,90,45,285,0.002174377
hotspot_ep128,hotspot,128,91,45,285,0.002174377
hotspot_ep128,hotspot,128,92,46,285,0.002174377
hotspot_ep128,hotspot,128,93,46,285,0.002174377
hotspot_ep128,hotspot,128,94,47,285,0.002174377
hotspot_ep128,hotspot,128,95,47,285,0.002174377
hotspot_ep128,hotspot,128,96,48,285,0.002174377
hotspot_ep128,hotspot,128,97,48,285,0.002174377
hotspot_ep128,hotspot,128,98,49,285,0.002174377
hotspot_ep128,hotspot,128,99,49,285,0.002174377
hotspot_ep128,hotspot,128,100,50,285,0.002174377
hotspot_ep128,hotspot,128,101,50,285,0.002174377
hotspot_ep128,hotspot,128,102,51,285,0.002174377
hotspot_ep128,hotspot,128,103,51,285,0.002174377
hotspot_ep128,hotspot,128,104,52,285,0.002174377
hotspot_ep128,hotspot,128,105,52,285,0.002174377
hotspot_ep128,hotspot,128,106,53,285,0.002174377
hotspot_ep128,hotspot,128,107,53,285,0.002174377
hotspot_ep128,hotspot,128,108,54,285,0.002174377
hotspot_ep128,hotspot,128,109,54,285,0.002174377
hotspot_ep128,hotspot,128,110,55,285,0.002174377
hotspot_ep128,hotspot,128,111,55,285,0.002174377
hotspot_ep128,hotspot,128,112,56,285,0.002174377
hotspot_ep128,hotspot,128,113,56,285,0.002174377
hotspot_ep128,hotspot,128,114,57,285,0.002174377
hotspot_ep128,hotspot,128,115,57,285,0.002174377
hotspot_ep128,hotspot,128,116,58,285,0.002174377
hotspot_ep128,hotspot,128,117,58,285,0.002174377
hotspot_ep128,hotspot,128,118,59,285,0.002174377
hotspot_ep128,hotspot,128,119,59,285,0.002174377
hotspot_ep128,hotspot,128,120,60,285,0.002174377
hotspot_ep128,hotspot,128,121,60,285,0.002174377
hotspot_ep128,hotspot,128,122,61,285,0.002174377
hotspot_ep128,hotspot,128,123,61,285,0.002174377
hotspot_ep128,hotspot,128,124,62,285,0.002174377
hotspot_ep128,hotspot,128,125,62,285,0.002174377
hotspot_ep128,hotspot,128,126,63,285,0.002174377
hotspot_ep128,hotspot,128,127,63,285,0.002174377
hotspot_ep128,hotspot,128,128,64,285,0.002174377
hotspot_ep128,hotspot,128,129,64,285,0.002174377
hotspot_ep128,hotspot,128,130,65,285,0.002174377
hotspot_ep128,hotspot,128,131,65,285,0.002174377
hotspot_ep128,hotspot,128,132,66,285,0.002174377
hotspot_ep128,hotspot,128,133,66,285,0.002174377
hotspot_ep128,hotspot,128,134,67,285,0.002174377
hotspot_ep128,hotspot,128,135,67,285,0.002174377
hotspot_ep128,hotspot,128,136,68,285,0.002174377
hotspot_ep128,hotspot,128,137,68,285,0.002174377
hotspot_ep128,hotspot,128,138,69,285,0.002174377
hotspot_ep128,hotspot,128,139,69,285,0.002174377
hotspot_ep128,hotspot,128,140,70,285,0.002174377
hotspot_ep128,hotspot,128,141,70,285,0.002174377
hotspot_ep128,hotspot,128,142,71,285,0.002174377
hotspot_ep128,hotspot,128,143,71,285,0.002174377
hotspot_ep128,hotspot,128,144,72,285,0.002174377
hotspot_ep128,hotspot,128,145,72,285,0.002174377
hotspot_ep128,hotspot,128,146,73,285,0.002174377
hotspot_ep128,hotspot,128,147,73,285,0.002174377
hotspot_ep128,hotspot,128,148,74,285,0.002174377
hotspot_ep128,hotspot,128,149,74,285,0.002174377
hotspot_ep128,hotspot,128,150,75,285,0.002174377
hotspot_ep128,hotspot,128,151,75,285,0.002174377
hotspot_ep128,hotspot,128,152,76,285,0.002174377
hotspot_ep128,hotspot,128,153,76,285,0.002174377
hotspot_ep128,hotspot,128,154,77,285,0.002174377
hotspot_ep128,hotspot,128,155,77,285,0.002174377
hotspot_ep128,hotspot,128,156,78,285,0.002174377
hotspot_ep128,hotspot,128,157,78,285,0.002174377
hotspot_ep128,hotspot,128,158,79,285,0.002174377
hotspot_ep128,hotspot,128,159,79,285,0.002174377
hotspot_ep128,hotspot,128,160,80,285,0.002174377
hotspot_ep128,hotspot,128,161,80,285,0.002174377
hotspot_ep128,hotspot,128,162,81,285,0.002174377
hotspot_ep128,hotspot,128,163,81,285,0.002174377
hotspot_ep128,hotspot,128,164,82,285,0.002174377
hotspot_ep128,hotspot,128,165,82,285,0.002174377
hotspot_ep128,hotspot,128,166,83,285,0.002174377
hotspot_ep128,hotspot,128,167,83,285,0.002174377
hotspot_ep128,hotspot,128,168,84,285,0.002174377
hotspot_ep128,hotspot,128,169,84,285,0.002174377
hotspot_ep128,hotspot,128,170,85,285,0.002174377
hotspot_ep128,hotspot,128,171,85,285,0.002174377
hotspot_ep128,hotspot,128,172,86,285,0.002174377
hotspot_ep128,hotspot,128,173,86,285,0.002174377
hotspot_ep128,hotspot,128,174,87,285,0.002174377
hotspot_ep128,hotspot,128,175,87,285,0.002174377
hotspot_ep128,hotspot,128,176,88,285,0.002174377
hotspot_ep128,hotspot,128,177,88,285,0.002174377
hotspot_ep128,hotspot,128,178,89,285,0.002174377
hotspot_ep128,hotspot,128,179,89,285,0.002174377
hotspot_ep128,hotspot,128,180,90,285,0.002174377
hotspot_ep128,hotspot,128,181,90,285,0.002174377
hotspot_ep128,hotspot,128,182,91,285,0.002174377
hotspot_ep128,hotspot,128,183,91,285,0.002174377
hotspot_ep128,hotspot,128,184,92,285,0.002174377
hotspot_ep128,hotspot,128,185,92,285,0.002174377
hotspot_ep128,hotspot,128,186,93,285,0.002174377
hotspot_ep128,hotspot,128,187,93,285,0.002174377
hotspot_ep128,hotspot,128,188,94,285,0.002174377
hotspot_ep128,hotspot,128,189,94,285,0.002174377
hotspot_ep128,hotspot,128,190,95,285,0.002174377
hotspot_ep128,hotspot,128,191,95,285,0.002174377
hotspot_ep128,hotspot,128,192,96,285,0.002174377
hotspot_ep128,hotspot,128,193,96,285,0.002174377
hotspot_ep128,hotspot,128,194,97,285,0.002174377
hotspot_ep128,hotspot,128,195,97,285,0.002174377
hotspot_ep128,hotspot,128,196,98,285,0.002174377
hotspot_ep128,hotspot,128,197,98,285,0.002174377
hotspot_ep128,hotspot,128,198,99,285,0.002174377
hotspot_ep128,hotspot,128,199,99,285,0.002174377
hotspot_ep128,hotspot,128,200,100,285,0.002174377
hotspot_ep128,hotspot,128,201,100,285,0.002174377
hotspot_ep128,hotspot,128,202,101,285,0.002174377
hotspot_ep128,hotspot,128,203,101,285,0.002174377
hotspot_ep128,hotspot,128,204,102,285,0.002174377
hotspot_ep128,hotspot,128,205,102,285,0.002174377
hotspot_ep128,hotspot,128,206,103,285,0.002174377
hotspot_ep128,hotspot,128,207,103,285,0.002174377
hotspot_ep128,hotspot,128,208,104,285,0.002174377
hotspot_ep128,hotspot,128,209,104,285,0.002174377
hotspot_ep128,hotspot,128,210,105,285,0.002174377
hotspot_ep128,hotspot,128,211,105,285,0.002174377
hotspot_ep128,hotspot,128,212,106,285,0.002174377
hotspot_ep128,hotspot,128,213,106,285,0.002174377
hotspot_ep128,hotspot,128,214,107,285,0.002174377
hotspot_ep128,hotspot,128,215,107,285,0.002174377
hotspot_ep128,hotspot,128,216,108,285,0.002174377
hotspot_ep128,hotspot,128,217,108,285,0.002174377
hotspot_ep128,hotspot,128,218,109,285,0.002174377
hotspot_ep128,hotspot,128,219,109,285,0.002174377
hotspot_ep128,hotspot,128,220,110,285,0.002174377
hotspot_ep128,hotspot,128,221,110,285,0.002174377
hotspot_ep128,hotspot,128,222,111,285,0.002174377
hotspot_ep128,hotspot,128,223,111,285,0.002174377
hotspot_ep128,hotspot,128,224,112,285,0.002174377
hotspot_ep128,hotspot,128,225,112,285,0.002174377
hotspot_ep128,hotspot,128,226,113,285,0.002174377
hotspot_ep128,hotspot,128,227,113,285,0.002174377
hotspot_ep128,hotspot,128,228,114,285,0.002174377
hotspot_ep128,hotspot,128,229,114,285,0.002174377
hotspot_ep128,hotspot,128,230,115,285,0.002174377
hotspot_ep128,hotspot,128,231,115,285,0.002174377
hotspot_ep128,hotspot,128,232,116,285,0.002174377
hotspot_ep128,hotspot,128,233,116,285,0.002174377
hotspot_ep128,hotspot,128,234,117,285,0.002174377
hotspot_ep128,hotspot,128,235,117,285,0.002174377
hotspot_ep128,hotspot,128,236,118,285,0.002174377
hotspot_ep128,hotspot,128,237,118,285,0.002174377
hotspot_ep128,hotspot,128,238,119,285,0.002174377
hotspot_ep128,hotspot,128,239,119,285,0.002174377
hotspot_ep128,hotspot,128,240,120,285,0.002174377
hotspot_ep128,hotspot,128,241,120,285,0.002174377
hotspot_ep128,hotspot,128,242,121,285,0.002174377
hotspot_ep128,hotspot,128,243,121,285,0.002174377
hotspot_ep128,hotspot,128,244,122,285,0.002174377
hotspot_ep128,hotspot,128,245,122,285,0.002174377
hotspot_ep128,hotspot,128,246,123,285,0.002174377
hotspot_ep128,hotspot,128,247,123,285,0.002174377
hotspot_ep128,hotspot,128,248,124,285,0.002174377
hotspot_ep128,hotspot,128,249,124,285,0.002174377
hotspot_ep128,hotspot,128,250,125,285,0.002174377
hotspot_ep128,hotspot,128,251,125,285,0.002174377
hotspot_ep128,hotspot,128,252,126,285,0.002174377
hotspot_ep128,hotspot,128,253,126,285,0.002174377
hotspot_ep128,hotspot,128,254,127,285,0.002174377
hotspot_ep128,hotspot,128,255,127,285,0.002174377
long_tail_ep128,long_tail,128,0,0,55,0.000419617
long_tail_ep128,long_tail,128,1,0,184,0.001403809
long_tail_ep128,long_tail,128,2,1,75,0.000572205
long_tail_ep128,long_tail,128,3,1,214,0.00163269
long_tail_ep128,long_tail,128,4,2,71,0.000541687
long_tail_ep128,long_tail,128,5,2,48,0.000366211
long_tail_ep128,long_tail,128,6,3,230,0.001754761
long_tail_ep128,long_tail,128,7,3,131,0.000999451
long_tail_ep128,long_tail,128,8,4,128,0.000976562
long_tail_ep128,long_tail,128,9,4,76,0.000579834
long_tail_ep128,long_tail,128,10,5,60,0.000457764
long_tail_ep128,long_tail,128,11,5,265,0.00202179
long_tail_ep128,long_tail,128,12,6,90,0.000686646
long_tail_ep128,long_tail,128,13,6,55,0.000419617
long_tail_ep128,long_tail,128,14,7,47,0.000358582
long_tail_ep128,long_tail,128,15,7,56,0.000427246
long_tail_ep128,long_tail,128,16,8,148,0.00112915
long_tail_ep128,long_tail,128,17,8,132,0.00100708
long_tail_ep128,long_tail,128,18,9,207,0.001579285
long_tail_ep128,long_tail,128,19,9,6298,0.048049927
long_tail_ep128,long_tail,128,20,10,62,0.000473022
long_tail_ep128,long_tail,128,21,10,53,0.000404358
long_tail_ep128,long_tail,128,22,11,113,0.000862122
long_tail_ep128,long_tail,128,23,11,297,0.00226593
long_tail_ep128,long_tail,128,24,12,249,0.001899719
long_tail_ep128,long_tail,128,25,12,87,0.000663757
long_tail_ep128,long_tail,128,26,13,144,0.001098633
long_tail_ep128,long_tail,128,27,13,436,0.003326416
long_tail_ep128,long_tail,128,28,14,161,0.001228333
long_tail_ep128,long_tail,128,29,14,466,0.003555298
long_tail_ep128,long_tail,128,30,15,66,0.00050354
long_tail_ep128,long_tail,128,31,15,101,0.000770569
long_tail_ep128,long_tail,128,32,16,81,0.000617981
long_tail_ep128,long_tail,128,33,16,345,0.002632141
long_tail_ep128,long_tail,128,34,17,143,0.001091003
long_tail_ep128,long_tail,128,35,17,159,0.001213074
long_tail_ep128,long_tail,128,36,18,61,0.000465393
long_tail_ep128,long_tail,128,37,18,699,0.005332947
long_tail_ep128,long_tail,128,38,19,336,0.002563477
long_tail_ep128,long_tail,128,39,19,54,0.000411987
long_tail_ep128,long_tail,128,40,20,88,0.000671387
long_tail_ep128,long_tail,128,41,20,62,0.000473022
long_tail_ep128,long_tail,128,42,21,51,0.000389099
long_tail_ep128,long_tail,128,43,21,43,0.000328064
long_tail_ep128,long_tail,128,44,22,71,0.000541687
long_tail_ep128,long_tail,128,45,22,190,0.001449585
long_tail_ep128,long_tail,128,46,23,178,0.001358032
long_tail_ep128,long_tail,128,47,23,386,0.002944946
long_tail_ep128,long_tail,128,48,24,54,0.000411987
long_tail_ep128,long_tail,128,49,24,129,0.000984192
long_tail_ep128,long_tail,128,50,25,100,0.000762939
long_tail_ep128,long_tail,128,51,25,59,0.000450134
long_tail_ep128,long_tail,128,52,26,53,0.000404358
long_tail_ep128,long_tail,128,53,26,46,0.000350952
long_tail_ep128,long_tail,128,54,27,218,0.001663208
long_tail_ep128,long_tail,128,55,27,119,0.000907898
long_tail_ep128,long_tail,128,56,28,45,0.000343323
long_tail_ep128,long_tail,128,57,28,83,0.00063324
long_tail_ep128,long_tail,128,58,29,610,0.004653931
long_tail_ep128,long_tail,128,59,29,49,0.00037384
long_tail_ep128,long_tail,128,60,30,103,0.000785828
long_tail_ep128,long_tail,128,61,30,92,0.000701904
long_tail_ep128,long_tail,128,62,31,200,0.001525879
long_tail_ep128,long_tail,128,63,31,125,0.000953674
long_tail_ep128,long_tail,128,64,32,65,0.000495911
long_tail_ep128,long_tail,128,65,32,170,0.001296997
long_tail_ep128,long_tail,128,66,33,585,0.004463196
long_tail_ep128,long_tail,128,67,33,123,0.000938416
long_tail_ep128,long_tail,128,68,34,540,0.004119873
long_tail_ep128,long_tail,128,69,34,65,0.000495911
long_tail_ep128,long_tail,128,70,35,1531,0.011680603
long_tail_ep128,long_tail,128,71,35,63,0.000480652
long_tail_ep128,long_tail,128,72,36,137,0.001045227
long_tail_ep128,long_tail,128,73,36,67,0.000511169
long_tail_ep128,long_tail,128,74,37,271,0.002067566
long_tail_ep128,long_tail,128,75,37,3872,0.029541016
long_tail_ep128,long_tail,128,76,38,1036,0.007904053
long_tail_ep128,long_tail,128,77,38,97,0.000740051
long_tail_ep128,long_tail,128,78,39,319,0.002433777
long_tail_ep128,long_tail,128,79,39,1193,0.009101868
long_tail_ep128,long_tail,128,80,40,61,0.000465393
long_tail_ep128,long_tail,128,81,40,134,0.001022339
long_tail_ep128,long_tail,128,82,41,2380,0.018157959
long_tail_ep128,long_tail,128,83,41,48,0.000366211
long_tail_ep128,long_tail,128,84,42,176,0.001342773
long_tail_ep128,long_tail,128,85,42,971,0.007408142
long_tail_ep128,long_tail,128,86,43,44,0.000335693
long_tail_ep128,long_tail,128,87,43,51,0.000389099
long_tail_ep128,long_tail,128,88,44,327,0.002494812
long_tail_ep128,long_tail,128,89,44,97,0.000740051
long_tail_ep128,long_tail,128,90,45,1871,0.014274597
long_tail_ep128,long_tail,128,91,45,861,0.006568909
long_tail_ep128,long_tail,128,92,46,81,0.000617981
long_tail_ep128,long_tail,128,93,46,58,0.000442505
long_tail_ep128,long_tail,128,94,47,66,0.00050354
long_tail_ep128,long_tail,128,95,47,46,0.000350952
long_tail_ep128,long_tail,128,96,48,52,0.000396729
long_tail_ep128,long_tail,128,97,48,111,0.000846863
long_tail_ep128,long_tail,128,98,49,44,0.000335693
long_tail_ep128,long_tail,128,99,49,226,0.001724243
long_tail_ep128,long_tail,128,100,50,277,0.002113342
long_tail_ep128,long_tail,128,101,50,56,0.000427246
long_tail_ep128,long_tail,128,102,51,146,0.001113892
long_tail_ep128,long_tail,128,103,51,44,0.000335693
long_tail_ep128,long_tail,128,104,52,67,0.000511169
long_tail_ep128,long_tail,128,105,52,78,0.000595093
long_tail_ep128,long_tail,128,106,53,57,0.000434875
long_tail_ep128,long_tail,128,107,53,139,0.001060486
long_tail_ep128,long_tail,128,108,54,70,0.000534058
long_tail_ep128,long_tail,128,109,54,47,0.000358582
long_tail_ep128,long_tail,128,110,55,122,0.000930786
long_tail_ep128,long_tail,128,111,55,222,0.001693726
long_tail_ep128,long_tail,128,112,56,45,0.000343323
long_tail_ep128,long_tail,128,113,56,59,0.000450134
long_tail_ep128,long_tail,128,114,57,244,0.001861572
long_tail_ep128,long_tail,128,115,57,410,0.003128052
long_tail_ep128,long_tail,128,116,58,76,0.000579834
long_tail_ep128,long_tail,128,117,58,210,0.001602173
long_tail_ep128,long_tail,128,118,59,53,0.000404358
long_tail_ep128,long_tail,128,119,59,106,0.000808716
long_tail_ep128,long_tail,128,120,60,284,0.002166748
long_tail_ep128,long_tail,128,121,60,63,0.000480652
long_tail_ep128,long_tail,128,122,61,53,0.000404358
long_tail_ep128,long_tail,128,123,61,93,0.000709534
long_tail_ep128,long_tail,128,124,62,72,0.000549316
long_tail_ep128,long_tail,128,125,62,51,0.000389099
long_tail_ep128,long_tail,128,126,63,109,0.000831604
long_tail_ep128,long_tail,128,127,63,107,0.000816345
long_tail_ep128,long_tail,128,128,64,79,0.000602722
long_tail_ep128,long_tail,128,129,64,64,0.000488281
long_tail_ep128,long_tail,128,130,65,187,0.001426697
long_tail_ep128,long_tail,128,131,65,118,0.000900269
long_tail_ep128,long_tail,128,132,66,47,0.000358582
long_tail_ep128,long_tail,128,133,66,290,0.002212524
long_tail_ep128,long_tail,128,134,67,68,0.000518799
long_tail_ep128,long_tail,128,135,67,121,0.000923157
long_tail_ep128,long_tail,128,136,68,94,0.000717163
long_tail_ep128,long_tail,128,137,68,91,0.000694275
long_tail_ep128,long_tail,128,138,69,254,0.001937866
long_tail_ep128,long_tail,128,139,69,62,0.000473022
long_tail_ep128,long_tail,128,140,70,49,0.00037384
long_tail_ep128,long_tail,128,141,70,772,0.005889893
long_tail_ep128,long_tail,128,142,71,58,0.000442505
long_tail_ep128,long_tail,128,143,71,49,0.00037384
long_tail_ep128,long_tail,128,144,72,168,0.001281738
long_tail_ep128,long_tail,128,145,72,126,0.000961304
long_tail_ep128,long_tail,128,146,73,70,0.000534058
long_tail_ep128,long_tail,128,147,73,47,0.000358582
long_tail_ep128,long_tail,128,148,74,73,0.000556946
long_tail_ep128,long_tail,128,149,74,80,0.000610352
long_tail_ep128,long_tail,128,150,75,913,0.006965637
long_tail_ep128,long_tail,128,151,75,50,0.00038147
long_tail_ep128,long_tail,128,152,76,235,0.001792908
long_tail_ep128,long_tail,128,153,76,397,0.00302887
long_tail_ep128,long_tail,128,154,77,92,0.000701904
long_tail_ep128,long_tail,128,155,77,304,0.002319336
long_tail_ep128,long_tail,128,156,78,734,0.005599976
long_tail_ep128,long_tail,128,157,78,74,0.000564575
long_tail_ep128,long_tail,128,158,79,4819,0.036766052
long_tail_ep128,long_tail,128,159,79,88,0.000671387
long_tail_ep128,long_tail,128,160,80,1289,0.00983429
long_tail_ep128,long_tail,128,161,80,105,0.000801086
long_tail_ep128,long_tail,128,162,81,72,0.000549316
long_tail_ep128,long_tail,128,163,81,14470,0.110397339
long_tail_ep128,long_tail,128,164,82,46,0.000350952
long_tail_ep128,long_tail,128,165,82,43,0.000328064
long_tail_ep128,long_tail,128,166,83,110,0.000839233
long_tail_ep128,long_tail,128,167,83,163,0.001243591
long_tail_ep128,long_tail,128,168,84,196,0.001495361
long_tail_ep128,long_tail,128,169,84,84,0.000640869
long_tail_ep128,long_tail,128,170,85,181,0.00138092
long_tail_ep128,long_tail,128,171,85,50,0.00038147
long_tail_ep128,long_tail,128,172,86,82,0.00062561
long_tail_ep128,long_tail,128,173,86,51,0.000389099
long_tail_ep128,long_tail,128,174,87,79,0.000602722
long_tail_ep128,long_tail,128,175,87,375,0.002861023
long_tail_ep128,long_tail,128,176,88,56,0.000427246
long_tail_ep128,long_tail,128,177,88,45,0.000343323
long_tail_ep128,long_tail,128,178,89,3218,0.024551392
long_tail_ep128,long_tail,128,179,89,65,0.000495911
long_tail_ep128,long_tail,128,180,90,312,0.002380371
long_tail_ep128,long_tail,128,181,90,156,0.001190186
long_tail_ep128,long_tail,128,182,91,69,0.000526428
long_tail_ep128,long_tail,128,183,91,55,0.000419617
long_tail_ep128,long_tail,128,184,92,52,0.000396729
long_tail_ep128,long_tail,128,185,92,60,0.000457764
long_tail_ep128,long_tail,128,186,93,114,0.000869751
long_tail_ep128,long_tail,128,187,93,43,0.000328064
long_tail_ep128,long_tail,128,188,94,46,0.000350952
long_tail_ep128,long_tail,128,189,94,57,0.000434875
long_tail_ep128,long_tail,128,190,95,86,0.000656128
long_tail_ep128,long_tail,128,191,95,814,0.006210327
long_tail_ep128,long_tail,128,192,96,50,0.00038147
long_tail_ep128,long_tail,128,193,96,89,0.000679016
long_tail_ep128,long_tail,128,194,97,1685,0.01285553
long_tail_ep128,long_tail,128,195,97,116,0.00088501
long_tail_ep128,long_tail,128,196,98,240,0.001831055
long_tail_ep128,long_tail,128,197,98,45,0.000343323
long_tail_ep128,long_tail,128,198,99,74,0.000564575
long_tail_ep128,long_tail,128,199,99,83,0.00063324
long_tail_ep128,long_tail,128,200,100,8895,0.067863464
long_tail_ep128,long_tail,128,201,100,154,0.001174927
long_tail_ep128,long_tail,128,202,101,59,0.000450134
long_tail_ep128,long_tail,128,203,101,73,0.000556946
long_tail_ep128,long_tail,128,204,102,102,0.000778198
long_tail_ep128,long_tail,128,205,102,77,0.000587463
long_tail_ep128,long_tail,128,206,103,61,0.000465393
long_tail_ep128,long_tail,128,207,103,666,0.005081177
long_tail_ep128,long_tail,128,208,104,75,0.000572205
long_tail_ep128,long_tail,128,209,104,519,0.003959656
long_tail_ep128,long_tail,128,210,105,354,0.002700806
long_tail_ep128,long_tail,128,211,105,451,0.003440857
long_tail_ep128,long_tail,128,212,106,1110,0.008468628
long_tail_ep128,long_tail,128,213,106,95,0.000724792
long_tail_ep128,long_tail,128,214,107,85,0.000648499
long_tail_ep128,long_tail,128,215,107,260,0.001983643
long_tail_ep128,long_tail,128,216,108,136,0.001037598
long_tail_ep128,long_tail,128,217,108,364,0.0027771
long_tail_ep128,long_tail,128,218,109,45,0.000343323
long_tail_ep128,long_tail,128,219,109,43,0.000328064
long_tail_ep128,long_tail,128,220,110,173,0.001319885
long_tail_ep128,long_tail,128,221,110,203,0.001548767
long_tail_ep128,long_tail,128,222,111,54,0.000411987
long_tail_ep128,long_tail,128,223,111,1401,0.010688782
long_tail_ep128,long_tail,128,224,112,423,0.003227234
long_tail_ep128,long_tail,128,225,112,152,0.001159668
long_tail_ep128,long_tail,128,226,113,69,0.000526428
long_tail_ep128,long_tail,128,227,113,166,0.001266479
long_tail_ep128,long_tail,128,228,114,2097,0.01599884
long_tail_ep128,long_tail,128,229,114,85,0.000648499
long_tail_ep128,long_tail,128,230,115,112,0.000854492
long_tail_ep128,long_tail,128,231,115,141,0.001075745
long_tail_ep128,long_tail,128,232,116,117,0.000892639
long_tail_ep128,long_tail,128,233,116,57,0.000434875
long_tail_ep128,long_tail,128,234,117,637,0.004859924
long_tail_ep128,long_tail,128,235,117,68,0.000518799
long_tail_ep128,long_tail,128,236,118,58,0.000442505
long_tail_ep128,long_tail,128,237,118,561,0.00428009
long_tail_ep128,long_tail,128,238,119,33243,0.253623962
long_tail_ep128,long_tail,128,239,119,64,0.000488281
long_tail_ep128,long_tail,128,240,120,48,0.000366211
long_tail_ep128,long_tail,128,241,120,78,0.000595093
long_tail_ep128,long_tail,128,242,121,47,0.000358582
long_tail_ep128,long_tail,128,243,121,2742,0.0209198
long_tail_ep128,long_tail,128,244,122,96,0.000732422
long_tail_ep128,long_tail,128,245,122,150,0.001144409
long_tail_ep128,long_tail,128,246,123,98,0.000747681
long_tail_ep128,long_tail,128,247,123,501,0.003822327
long_tail_ep128,long_tail,128,248,124,483,0.003684998
long_tail_ep128,long_tail,128,249,124,48,0.000366211
long_tail_ep128,long_tail,128,250,125,99,0.00075531
long_tail_ep128,long_tail,128,251,125,44,0.000335693
long_tail_ep128,long_tail,128,252,126,104,0.000793457
long_tail_ep128,long_tail,128,253,126,49,0.00037384
long_tail_ep128,long_tail,128,254,127,193,0.001472473
long_tail_ep128,long_tail,128,255,127,52,0.000396729
